Date;Description;Amount
15.09.2026;Salary;1000
15.09.2025;Salary;1000
15.09.2024;Salary;1000
15.09.2023;Salary;1000
15.09.2022;Salary;1000
15.09.2021;Salary;1000
15.09.2020;Salary;1000
15.09.2019;Salary;1000
15.09.2018;Salary;1000
15.09.2017;Salary;1000
15.09.2016;Salary;1000
15.09.2015;Salary;1000
15.09.2014;Salary;1000
15.09.2013;Salary;1000
15.09.2012;Salary;1000
15.09.2011;Salary;1000
15.09.2010;Salary;1000
15.09.2009;Salary;1000
15.09.2008;Salary;1000
15.09.2007;Salary;1000
15.09.2006;Salary;1000
15.09.2005;Salary;1000
15.09.2004;Salary;1000
