Name;Index
1991M01;105,8
1991M02;107,9
1991M03;104,1
1991M04;105,0
1991M05;110,4
1991M06;112,4
1991M07;105,7
1991M08;108,8
1991M09;117,0
1991M10;121,5
1991M11;118,7
1991M12;115,4
1992M01;115,2
1992M02;111,0
1992M03;111,5
1992M04;105,1
1992M05;106,5
1992M06;105,9
1992M07;102,0
1992M08;101,4
1992M09;102,7
1992M10;103,4
1992M11;102,8
1992M12;101,1
1993M01;103,7
1993M02;101,6
1993M03;101,4
1993M04;101,0
1993M05;101,4
1993M06;101,5
1993M07;100,8
1993M08;101,7
1993M09;101,7
1993M10;102,9
1993M11;101,6
1993M12;101,5
1994M01;101,5
1994M02;101,3
1994M03;101,1
1994M04;102,1
1994M05;101,0
1994M06;101,6
1994M07;101,1
1994M08;101,1
1994M09;101,5
1994M10;102,0
1994M11;101,5
1994M12;101,1
1995M01;101,1
1995M02;100,9
1995M03;100,5
1995M04;99,9
1995M05;100,5
1995M06;100,8
1995M07;100,3
1995M08;100,5
1995M09;101,3
1995M10;100,6
1995M11;101,3
1995M12;100,6
1996M01;101,0
1996M02;100,9
1996M03;101,3
1996M04;101,2
1996M05;100,7
1996M06;100,5
1996M07;100,5
1996M08;100,1
1996M09;100,5
1996M10;100,8
1996M11;100,4
1996M12;100,7
1997M01;101,1
1997M02;100,4
1997M03;100,3
1997M04;102,0
1997M05;101,3
1997M06;100,4
1997M07;101,0
1997M08;100,3
1997M09;100,9
1997M10;100,5
1997M11;100,6
1997M12;100,3
1998M01;101,4
1998M02;100,9
1998M03;100,8
1998M04;100,9
1998M05;100,9
1998M06;100,0
1998M07;100,0
1998M08;100,1
1998M09;100,1
1998M10;100,3
1998M11;100,4
1998M12;100,7
1999M01;101,0
1999M02;100,4
1999M03;100,3
1999M04;100,4
1999M05;100,6
1999M06;100,0
1999M07;101,7
1999M08;100,9
1999M09;100,8
1999M10;100,5
1999M11;100,5
1999M12;100,8
2000M01;100,8
2000M02;100,9
2000M03;100,9
2000M04;100,6
2000M05;100,5
2000M06;100,6
2000M07;100,9
2000M08;100,3
2000M09;101,4
2000M10;100,6
2000M11;101,1
2000M12;100,1
2001M01;100,4
2001M02;101,1
2001M03;101,1
2001M04;100,7
2001M05;101,1
2001M06;100,4
2001M07;100,2
2001M08;100,0
2001M09;100,9
2001M10;100,5
2001M11;100,4
2001M12;100,1
2002M01;101,6
2002M02;100,9
2002M03;100,7
2002M04;101,4
2002M05;100,3
2002M06;99,8
2002M07;100,5
2002M08;100,1
2002M09;100,8
2002M10;100,5
2002M11;100,0
2002M12;100,6
2003M01;101,0
2003M02;100,5
2003M03;100,7
2003M04;100,5
2003M05;100,5
2003M06;100,3
2003M07;100,5
2003M08;99,6
2003M09;100,3
2003M10;100,3
2003M11;100,3
2003M12;100,1
2004M01;100,4
2004M02;100,1
2004M03;100,6
2004M04;100,5
2004M05;100,9
2004M06;100,3
2004M07;100,4
2004M08;99,5
2004M09;99,9
2004M10;100,3
2004M11;100,6
2004M12;99,7
2005M01;99,4
2005M02;100,6
2005M03;101,1
2005M04;100,0
2005M05;100,3
2005M06;100,1
2005M07;100,7
2005M08;99,4
2005M09;101,0
2005M10;100,2
2005M11;99,5
2005M12;100,0
2006M01;99,5
2006M02;100,4
2006M03;100,8
2006M04;100,8
2006M05;100,9
2006M06;99,7
2006M07;99,8
2006M08;100,6
2006M09;100,4
2006M10;99,2
2006M11;100,3
2006M12;100,4
2007M01;99,3
2007M02;99,8
2007M03;101,0
2007M04;101,1
2007M05;101,2
2007M06;100,4
2007M07;100,0
2007M08;100,3
2007M09;100,4
2007M10;100,7
2007M11;100,9
2007M12;100,4
2008M01;100,1
2008M02;100,0
2008M03;101,3
2008M04;100,8
2008M05;101,1
2008M06;100,9
2008M07;100,0
2008M08;99,4
2008M09;100,0
2008M10;100,0
2008M11;99,3
2008M12;99,4
2009M01;99,6
2009M02;100,5
2009M03;101,0
2009M04;100,1
2009M05;100,6
2009M06;100,5
2009M07;99,1
2009M08;100,0
2009M09;99,8
2009M10;100,1
2009M11;100,9
2009M12;99,5
2010M01;99,2
2010M02;100,4
2010M03;101,1
2010M04;101,0
2010M05;100,4
2010M06;100,3
2010M07;99,3
2010M08;100,3
2010M09;99,5
2010M10;100,1
2010M11;100,3
2010M12;100,1
2011M01;99,2
2011M02;100,0
2011M03;101,6
2011M04;100,8
2011M05;100,8
2011M06;99,5
2011M07;98,9
2011M08;100,3
2011M09;100,6
2011M10;100,7
2011M11;100,3
2011M12;99,4
2012M01;99,5
2012M02;100,6
2012M03;101,0
2012M04;101,1
2012M05;100,6
2012M06;99,4
2012M07;99,0
2012M08;100,7
2012M09;101,1
2012M10;100,1
2012M11;99,9
2012M12;99,7
2013M01;99,2
2013M02;100,8
2013M03;100,3
2013M04;100,7
2013M05;100,3
2013M06;100,0
2013M07;99,7
2013M08;100,3
2013M09;100,3
2013M10;100,0
2013M11;99,9
2013M12;99,1
2014M01;99,4
2014M02;100,1
2014M03;100,8
2014M04;100,5
2014M05;100,6
2014M06;100,1
2014M07;98,9
2014M08;100,0
2014M09;100,3
2014M10;100,2
2014M11;99,8
2014M12;99,5
2015M01;98,7
2015M02;100,2
2015M03;100,9
2015M04;100,1
2015M05;100,8
2015M06;99,9
2015M07;99,2
2015M08;100,1
2015M09;99,9
2015M10;100,0
2015M11;100,1
2015M12;99,6
2016M01;98,6
2016M02;100,0
2016M03;100,7
2016M04;100,4
2016M05;100,9
2016M06;100,6
2016M07;99,1
2016M08;100,0
2016M09;100,1
2016M10;100,5
2016M11;100,1
2016M12;99,5
2017M01;99,4
2017M02;101,0
2017M03;100,4
2017M04;100,3
2017M05;100,7
2017M06;100,0
2017M07;99,3
2017M08;100,1
2017M09;100,2
2017M10;100,1
2017M11;100,3
2017M12;100,0
2018M01;99,2
2018M02;100,7
2018M03;100,3
2018M04;100,7
2018M05;101,2
2018M06;100,0
2018M07;99,1
2018M08;100,1
2018M09;100,4
2018M10;100,3
2018M11;100,1
2018M12;99,4
2019M01;98,9
2019M02;100,8
2019M03;100,7
2019M04;100,8
2019M05;100,9
2019M06;100,3
2019M07;99,3
2019M08;100,4
2019M09;99,8
2019M10;100,1
2019M11;100,1
2019M12;99,8
2020M01;99,1
2020M02;100,7
2020M03;99,2
2020M04;99,1
2020M05;100,9
2020M06;101,3
2020M07;99,9
2020M08;99,9
2020M09;99,6
2020M10;100,3
2020M11;99,2
2020M12;99,7
2021M01;99,6
2021M02;100,3
2021M03;100,3
2021M04;101,0
2021M05;100,9
2021M06;100,6
2021M07;100,4
2021M08;100,1
2021M09;99,9
2021M10;100,9
2021M11;100,7
2021M12;100,0
2022M01;100,4
2022M02;101,4
2022M03;98,9
2022M04;102,6
2022M05;102,0
2022M06;102,7
2022M07;101,0
2022M08;100,0
2022M09;99,1
2022M10;100,8
2022M11;100,9
2022M12;100,2
2023M01;100,2
2023M02;100,7
2023M03;100,0
2023M04;101,5
2023M05;101,1
2023M06;101,4
2023M07;100,2
2023M08;100,1
2023M09;100,3
2023M10;100,2
2023M11;99,0
2023M12;99,5
2024M01;99,4
2024M02;100,8
2024M03;100,2
2024M04;101,0
2024M05;100,5
2024M06;100,4
2024M07;99,9
2024M08;99,8
2024M09;100,0
2024M10;99,5
2024M11;100,7
2024M12;99,7
2025M01;99,6
2025M02;100,3
2025M03;100,6
2025M04;101,3
2025M05;100,0
2025M06;100,8
2025M07;100,5
2025M08;100,0
2025M09;99,6
2025M10;100,0
2025M11;100,0
2025M12;100,0
2026M01;99,5
2026M02;100,6
2026M03;100,2
2026M04;101,9
2026M05;100,5
2026M06;100,8
2026M07;99,9
